OLIVIA,Bread
OLIVIA,Meat
OLIVIA,Seafood
RUBY,Pasta
RUBY,Rice
RUBY,Cereals
EMILY,Cheese
EMILY,Eggs
EMILY,Bread
GRACE,Meat
GRACE,Seafood
GRACE,Pasta
JESSICA,Rice
JESSICA,Cereals
JESSICA,Cheese
CHLOE,Eggs
CHLOE,Bread
CHLOE,Meat
SOPHIE,Seafood
SOPHIE,Pasta
SOPHIE,Rice
LILY,Cereals
LILY,Cheese
LILY,Eggs
AMELIA,Bread
AMELIA,Meat
AMELIA,Seafood
EVIE,Pasta
EVIE,Rice
EVIE,Cereals
OLIVER,Cheese
OLIVER,Eggs
OLIVER,Bread
THOMAS,Meat
THOMAS,Seafood
THOMAS,Pasta
HARRY,Rice
HARRY,Cereals
HARRY,Cheese
JOSHUA,Eggs
JOSHUA,Bread
JOSHUA,Meat
ALFIE,Seafood
ALFIE,Pasta
ALFIE,Rice
CHARLIE,Cereals
CHARLIE,Cheese
CHARLIE,Eggs
DANIEL,Seafood
DANIEL,Pasta
DANIEL,Rice
JAME,Cereals
JAME,Cheese
JAME,Eggs